ID,Name,Phone,State,Company,DOB,MembershipDate,Email
1670073003299,Camden Lang,(709) 279-2096,WI,Quis LLC,9/28/1983,6/9/2014,fermentum.arcu@etnetuset.org
1636022194499,Nicholas Q. Harris,(740) 833-6671,KS,Semper Ltd,12/13/1984,9/5/2012,ut.sem@Integerurna.co.uk
1662052035899,Amber Mcgee,(968) 526-5930,AR,Eu Euismod Ac Incorporated,8/23/1984,5/12/2016,felis.purus@Nunc.edu
1669050756199,Zephr J. Kline,(728) 606-7760,IN,Risus In Incorporated,12/12/1940,12/1/2013,nisi.Cum.sociis@quismassaMauris.ca
1651070934499,Alice O. Blanchard,(786) 413-0241,MN,Mi Aliquam Gravida Ltd,1/11/1942,5/8/2012,tellus.Phasellus.elit@vitaemauris.org
1636102830699,Grant Z. Spencer,(494) 807-3619,CA,Amet Faucibus PC,4/11/1924,4/8/2015,vel.pede.blandit@urnasuscipitnonummy.co.uk
1689052947699,Erich Marquez,(869) 703-8456,ME,Luctus Felis Purus Foundation,3/9/1928,7/28/2016,placerat.velit.Quisque@auctorMauris.edu
1610060650599,Addison Golden,(489) 123-5598,LA,Magna Institute,6/11/1953,2/19/2011,nec@quis.co.uk
1600012758799,Lois G. Griffith,(612) 746-9087,IA,Neque Sed Sem PC,4/19/1940,8/1/2012,at.arcu.Vestibulum@Vestibulumanteipsum.co.uk
1693022666399,Burton Norman,(945) 301-4423,ID,Tortor Nibh LLP,6/14/1966,5/28/2013,aliquet.libero.Integer@mattis.net
1649030885299,Noelle Hays,(803) 794-2627,MO,Accumsan Interdum Limited,6/27/1923,12/17/2014,Nunc.mauris.Morbi@euismodin.edu
1647112606099,Mohammad Lucas,(459) 951-3291,TX,Nunc Nulla PC,4/28/1969,4/2/2016,eu.tellus.eu@sociis.ca
1606100101399,Christen Kramer,(302) 498-4478,LA,Mi Lorem Vehicula Institute,6/4/1951,1/3/2015,fermentum.metus@sociisnatoque.com
1605032621899,Mallory Dennis,(942) 498-6660,DE,Vitae Nibh Company,11/30/1929,5/5/2016,nec@purusMaecenaslibero.edu
1673042225199,Malachi Burris,(477) 531-6453,WA,Tellus Id Consulting,9/27/1968,4/14/2015,et.ultrices.posuere@acliberonec.ca
1636032452199,Quintessa Page,(374) 962-9033,MD,Eros Non Enim Limited,12/30/1938,9/10/2015,nisi.a.odio@metusvitaevelit.ca
1628010800999,Kirsten Hughes,(581) 436-7200,HI,Aliquam Arcu PC,7/28/1949,6/5/2011,mauris.sit.amet@erosNam.edu
1644111392399,Grace Houston,(654) 838-9447,ME,Tellus Faucibus Leo Incorporated,2/2/1966,5/26/2015,feugiat.placerat.velit@dolor.edu
1607081206699,Olympia Mcguire,(357) 237-4001,ME,Euismod Enim Foundation,9/26/1925,2/26/2011,fermentum.risus@eros.co.uk
1639121800699,Joy Davidson,(381) 917-5630,IA,Tempus Foundation,12/4/1934,9/8/2011,condimentum.Donec@elitelit.edu
1683012587099,Imogene A. Padilla,(806) 965-4476,WA,A Scelerisque Sed Corp.,2/26/1920,1/31/2010,imperdiet.ullamcorper@urnaNuncquis.net
1601091015899,Ian A. Potter,(669) 122-7926,OH,Mauris Incorporated,2/4/1952,8/25/2012,metus@Donecvitae.org
1661021504499,Scarlet Donaldson,(972) 935-7408,OH,Massa Corp.,8/2/1923,2/4/2012,tortor.Integer.aliquam@eunibhvulputate.com
1692112305199,Shelley L. Guthrie,(336) 699-3026,OH,Vel Nisl Foundation,5/16/1997,3/29/2011,netus@interdumSedauctor.edu
1613122377599,Whitney Ellis,(936) 912-4859,DE,Eu Ligula Inc.,12/27/1948,9/22/2015,a@Loremipsumdolor.co.uk
1601110345599,Alden Burnett,(855) 481-1279,MA,Hendrerit Donec Porttitor Institute,1/19/1944,10/19/2012,varius.Nam@Aliquamgravidamauris.edu
1659020711299,Katelyn Stone,(842) 686-4530,TX,In LLP,2/3/1937,11/24/2011,Aliquam@accumsan.net
1659110790999,Lila V. Dotson,(993) 203-8473,AR,Mi Associates,10/30/1984,12/21/2012,enim.nisl@ametnulla.edu
1691122159899,Lee Bender,(141) 489-5137,FL,Eget Industries,11/7/1925,9/11/2011,ridiculus.mus.Proin@turpisnec.net
1634061018899,Mollie M. Hewitt,(231) 200-1158,ME,Tincidunt Inc.,5/15/1920,9/12/2010,at@augue.co.uk
1612102265299,Colton O. Roberts,(902) 592-4777,HI,Nec Corp.,6/11/1923,3/18/2012,euismod.est.arcu@aclibero.org
1687121581899,Shannon O. Goodwin,(672) 943-3517,VT,Nunc Foundation,1/26/1931,2/21/2015,ac.urna@vulputateposuerevulputate.net
1676032655799,Xena Hampton,(408) 536-7249,LA,Nulla Limited,2/19/1958,4/27/2016,ac.feugiat.non@IntegerurnaVivamus.co.uk
1655032211899,Brooke Z. Cooper,(483) 736-5568,OR,Fringilla Cursus Purus Institute,9/17/1954,4/22/2014,pede@nisisemsemper.com
1684092134799,Curran Patel,(663) 148-2121,OH,A Feugiat Tellus Industries,3/4/1936,2/13/2010,nec@InloremDonec.org
1676100582699,Mia C. Simon,(733) 708-9708,IN,Amet Risus Donec Incorporated,7/27/1942,9/15/2012,lacinia.Sed@sitametornare.net
1691021309299,Hope L. Bell,(469) 788-3728,MN,Ut Nec Incorporated,11/18/1963,3/20/2010,quam.dignissim.pharetra@vulputateveliteu.co.uk
1653011701799,Iola Shields,(373) 439-8543,TX,Rhoncus Donec Consulting,11/7/1922,12/26/2010,a@Maecenasornare.ca
1633103022899,Conan E. Brock,(697) 759-2915,IN,Ipsum Suspendisse Sagittis Consulting,4/3/1993,12/11/2016,Nullam.feugiat.placerat@vitaeeratVivamus.edu
1678060287399,Celeste Lewis,(148) 551-2137,DE,Vulputate PC,8/4/1920,5/9/2011,facilisis@velitjustonec.co.uk
1603032908299,Lucy X. Vega,(143) 902-4627,OH,Vulputate Ullamcorper LLC,5/21/1972,2/21/2010,vel@ultricesVivamus.net
1635011674299,Flynn Dotson,(205) 440-4760,OK,Sapien Company,11/11/1935,8/18/2014,diam.Sed@aliquetnec.com
1648011787599,Piper L. Mosley,(995) 228-7145,TX,Dui Limited,1/21/1953,10/14/2013,tellus.Suspendisse@acturpis.co.uk
1633052415499,Jena R. Hardin,(345) 369-7645,UT,Volutpat Corp.,4/13/1949,12/7/2013,Vestibulum@consectetueradipiscing.co.uk
1697061599799,Walter Daniels,(941) 375-3718,CA,Nulla Ante Iaculis Incorporated,7/21/1982,2/3/2012,Nullam.scelerisque.neque@primis.co.uk
1634112199499,Martin Barker,(727) 980-9020,AK,Vitae Erat Foundation,5/24/1916,7/16/2014,feugiat@mauriserat.co.uk
1671010909699,Driscoll E. Mueller,(882) 958-7685,WA,Amet Corporation,1/26/1984,3/11/2016,Aliquam@eratin.ca
1683110816299,Timothy Pratt,(190) 631-2492,PA,Varius LLP,3/16/1927,8/8/2014,Quisque.purus@consequatpurusMaecenas.com
1676061354999,Halee O. Gray,(327) 910-7289,CO,Ridiculus Mus Proin Incorporated,2/6/1925,3/15/2014,tincidunt@nisi.com
1650010199999,Margaret Rivers,(140) 927-9378,AK,Urna Ltd,2/24/1940,8/30/2012,Phasellus.nulla.Integer@velit.co.uk
1661031421599,Wendy S. Bullock,(728) 507-2024,WI,Odio Tristique Pharetra Company,11/15/1985,5/30/2015,eu.turpis.Nulla@feugiatnec.edu
1689051763999,Clayton I. Ingram,(867) 120-5733,VT,Vulputate Company,3/26/1916,10/31/2013,Ut@mattisIntegereu.net
1640023023499,Theodore Ewing,(674) 880-3656,AR,Senectus Foundation,1/28/1947,4/5/2015,parturient.montes@euaccumsansed.ca
1676050468799,Warren Gordon,(364) 148-9123,KY,Nullam Ut Company,8/30/1921,7/19/2010,ac@euligula.org
1677091753399,Jenette Morse,(122) 192-4074,WA,Tempus LLC,2/26/1964,10/7/2012,non.vestibulum.nec@aliquetlobortisnisi.edu
1651020864699,Renee Henson,(633) 745-2382,AR,Luctus Industries,11/6/1935,11/22/2016,ut.nulla.Cras@diamdictumsapien.com
1668011337199,Dexter V. Moody,(131) 248-8604,DE,Mattis Velit Justo Corporation,10/4/1929,11/10/2010,Vivamus.nisi@pretium.co.uk
1673111305199,Brett O. Stevens,(539) 789-9713,WI,Vel Lectus Ltd,4/6/1929,3/22/2013,lacinia.Sed.congue@mifelisadipiscing.co.uk
1641090831499,Jillian Marquez,(170) 454-6570,AZ,Quam Vel Sapien Limited,2/14/1954,3/2/2013,neque.sed@diamdictumsapien.org
1602090653799,Marsden Hansen,(975) 269-7316,OK,Libero Morbi Accumsan Industries,8/21/1930,7/24/2015,molestie@PhasellusnullaInteger.edu
1618112699099,Brian Moreno,(122) 953-8258,TX,Lacus Industries,5/14/1977,3/3/2016,risus@ipsum.net
1683121257699,Ori Bryant,(778) 407-6518,MI,Vulputate Velit Eu Associates,12/26/1976,9/14/2011,amet.ante@Sedeu.net
1682091528099,Wendy Q. Miles,(202) 777-9805,CA,Praesent Interdum LLC,3/24/1927,12/20/2016,nulla.Cras@volutpat.ca
1649030315699,Pamela M. Winters,(566) 981-5669,ID,Et PC,6/2/1947,2/7/2011,dolor.sit.amet@in.org
1629110704999,Oren T. Hughes,(567) 738-7107,VT,Adipiscing Elit Institute,10/29/1945,9/20/2013,blandit.viverra@hendrerit.net
1662031098299,Merritt C. Juarez,(816) 316-3841,HI,Neque PC,10/31/1918,11/21/2011,sodales.Mauris.blandit@nislelementumpurus.net
1648090289899,Elijah Strickland,(501) 753-1710,IA,Tortor At Risus Consulting,1/17/1924,11/22/2013,fringilla.purus.mauris@fermentumvel.org
1654072366299,Myra Rivas,(485) 839-7174,ID,Eget Tincidunt Dui Inc.,7/17/1932,3/25/2016,Fusce.dolor@tempor.co.uk
1665061108699,Penelope Q. Hubbard,(192) 121-1225,OR,Feugiat Lorem PC,7/17/1921,3/9/2012,volutpat@fringillaDonec.ca
1637121510399,Thane Rhodes,(253) 690-4789,DE,Egestas Hendrerit Inc.,2/2/1984,3/17/2011,vitae.aliquam.eros@Crasconvallisconvallis.ca
1645011193199,Aiko Macias,(613) 756-8362,TN,Sem Pellentesque Ut Industries,8/13/1962,11/23/2013,tincidunt@luctusfelispurus.org
1657120960799,Harriet Pennington,(121) 494-7818,MD,Diam Lorem Auctor Corp.,2/18/1954,10/25/2010,dolor.quam.elementum@Sedidrisus.co.uk
1656112233299,Wang Vazquez,(134) 652-7759,ME,Blandit Mattis Limited,7/17/1921,7/6/2012,montes.nascetur@enimSuspendisse.ca
1619021359499,Savannah L. Mccall,(733) 231-7956,AZ,Non Lorem Vitae Corporation,10/11/1977,8/27/2012,dui@leoelementum.net
1637091756199,Hayfa Houston,(993) 728-9812,MD,Duis Corporation,10/2/1920,7/28/2013,interdum@turpisIncondimentum.org
1631100515499,Axel L. Sanchez,(685) 346-2368,HI,In Consectetuer Associates,6/16/1950,5/14/2011,feugiat.metus@sapienNuncpulvinar.co.uk
1683061664999,Bianca Erickson,(639) 989-9472,IA,Ut LLP,3/6/1986,10/10/2010,quam@vel.edu
1631081584599,Camille B. Mack,(503) 858-9148,LA,Enim Condimentum Eget LLP,8/28/1964,12/19/2014,faucibus@euenimEtiam.co.uk
1631040301399,Jared Bauer,(110) 885-9022,FL,In Corporation,9/3/1962,5/29/2010,interdum@aliquamarcu.org
1622052719799,Neville Zimmerman,(408) 835-9695,OH,Eu Industries,12/19/1924,5/19/2011,Duis.volutpat@commodoipsumSuspendisse.ca
1628030522499,Charlotte O. Bowman,(991) 631-5737,WI,Velit Industries,9/4/1967,2/22/2015,eros.Nam@mauriselit.edu
1612121090899,Nerea L. Turner,(708) 275-8062,TN,Eget Limited,1/10/1958,3/10/2016,fermentum.fermentum.arcu@ornareelit.co.uk
1665060146399,Bevis S. Hughes,(117) 768-8709,TX,Euismod Enim Ltd,2/7/1973,2/24/2013,nibh.Donec@laciniavitae.net
1638091475799,Dacey M. Trevino,(176) 410-2720,ME,A Magna PC,11/6/1982,7/18/2011,orci.luctus@habitantmorbitristique.org
1642112828299,Jena Willis,(996) 721-4469,OR,Vestibulum Accumsan Neque Inc.,1/1/1990,11/9/2016,magna@fermentumarcuVestibulum.ca
1618051527099,Trevor G. Gomez,(503) 446-3303,LA,Id Nunc Interdum Incorporated,5/2/1938,3/5/2017,non.vestibulum@Nullamsuscipit.co.uk
1621102759399,Uma Bell,(282) 162-5851,HI,Ridiculus LLP,7/28/1972,10/21/2010,orci@aliquetdiamSed.co.uk
1639123052399,Chase J. Richards,(684) 466-9350,IL,Elementum Corporation,7/12/1962,1/3/2016,nec.tempus.mauris@ipsum.edu
1663122368899,Mufutau N. Hutchinson,(646) 967-2975,DE,Erat In Consectetuer Industries,12/27/1934,6/4/2012,at.nisi@quis.edu
1663011167399,Montana G. Curtis,(168) 543-0054,TN,Eget Ipsum Associates,1/27/1918,5/26/2012,facilisis.magna@Morbi.edu
1622052676899,Gwendolyn L. Everett,(725) 827-6973,CT,Volutpat Nunc LLC,9/11/1941,5/22/2010,ut.odio.vel@tincidunt.org
1689100721299,Lucas H. Roach,(321) 142-6915,AL,Pharetra Sed Company,7/7/1918,10/17/2012,mauris.aliquam@auctornunc.edu
1655082985899,Jack M. Johnston,(328) 394-5947,OR,Euismod Corporation,5/25/1953,12/28/2014,Integer@risusvarius.co.uk
1698122583899,Byron V. Lang,(510) 775-3521,MA,Sed Corporation,12/30/1945,4/12/2016,Donec.egestas@mollis.net
1693101774199,Honorato X. Charles,(797) 928-9222,TX,Erat Sed Nunc LLP,7/5/1963,6/1/2012,at@nonmassanon.ca
1676032264999,Emma Flowers,(719) 745-1988,WI,Tristique Pellentesque Industries,11/23/1967,8/2/2013,faucibus.orci@malesuada.net
1670012006399,Lane Webb,(453) 605-6126,AK,Dignissim Lacus Aliquam Ltd,10/19/1976,10/24/2013,volutpat@dictum.net
1625102440199,Hyacinth Franklin,(386) 718-0447,LA,Neque Foundation,1/31/1978,6/12/2013,libero.est.congue@natoquepenatibuset.com
1635102550899,Marshall K. David,(710) 446-6627,MA,Lacinia Vitae Sodales LLC,2/15/1974,1/20/2013,at.risus@laoreetposuereenim.org
1678092161799,Nasim Beach,(813) 664-5927,ID,Cubilia Foundation,6/2/1941,11/10/2013,ut@urnajusto.com
null
null
